Timestamp,Time_Seconds,Power_Watts
20:54:07,0.0,588.206
20:54:08,1.0,19.37
20:54:09,2.0,19.008
20:54:10,3.0,19.501
20:54:11,4.01,19.455
20:54:12,5.01,19.394
20:54:13,6.01,19.44
20:54:14,7.01,19.46
20:54:15,8.01,19.442
20:54:16,9.01,19.425
20:54:17,10.01,19.508
20:54:18,11.01,19.796
20:54:19,12.01,19.766
20:54:20,13.02,19.662
20:54:21,14.02,19.689
20:54:22,15.02,25.803
20:54:23,16.02,23.297
20:54:24,17.02,23.063
20:54:25,18.02,19.718
20:54:26,19.02,19.779
20:54:27,20.02,19.773
20:54:28,21.02,19.914
20:54:29,22.02,19.793
20:54:30,23.03,19.906
20:54:31,24.03,19.884
20:54:32,25.03,19.885
20:54:33,26.03,19.875
20:54:34,27.03,19.901
20:54:35,28.03,19.907
20:54:36,29.03,19.756
20:54:37,30.03,19.88
20:54:38,31.03,19.847
20:54:39,32.03,19.883
20:54:40,33.04,19.894
20:54:41,34.04,21.169
20:54:42,35.04,21.289
20:54:43,36.04,19.867
20:54:44,37.04,25.446
20:54:45,38.04,23.669
20:54:46,39.04,26.008
20:54:47,40.04,24.562
20:54:48,41.05,29.902
20:54:49,42.05,33.973
20:54:50,43.05,44.314
20:54:51,44.05,48.15
20:54:52,45.05,48.821
20:54:53,46.05,47.438
20:54:54,47.05,47.945
20:54:55,48.05,48.86
20:54:56,49.05,48.653
20:54:57,50.05,48.998
20:54:58,51.06,48.397
20:54:59,52.06,47.687
20:55:00,53.06,47.849
20:55:01,54.06,48.399
20:55:02,55.06,48.249
20:55:03,56.06,49.165
20:55:04,57.06,48.994
20:55:05,58.06,48.731
20:55:06,59.06,48.488
20:55:07,60.06,49.198
20:55:08,61.07,49.336
20:55:09,62.07,48.54
20:55:10,63.07,49.476
20:55:11,64.07,49.424
20:55:12,65.07,49.122
20:55:13,66.07,49.749
20:55:14,67.07,48.799
20:55:15,68.07,49.229
20:55:16,69.07,49.798
20:55:17,70.08,49.463
20:55:18,71.08,48.944
20:55:19,72.08,45.913
20:55:20,73.08,48.16
20:55:21,74.08,49.576
20:55:22,75.08,48.514
20:55:23,76.08,49.487
20:55:24,77.08,48.816
20:55:25,78.08,48.86
20:55:26,79.08,48.371
20:55:27,80.08,48.928
20:55:28,81.09,48.35
20:55:29,82.09,48.51
20:55:30,83.09,43.681
20:55:31,84.09,45.112
20:55:32,85.09,47.67
20:55:33,86.09,47.766
20:55:34,87.09,47.441
20:55:35,88.09,46.886
20:55:36,89.09,46.881
20:55:37,90.09,47.13
20:55:38,91.1,46.923
20:55:39,92.1,46.797
20:55:40,93.1,46.879
20:55:41,94.1,47.116
20:55:42,95.1,47.051
20:55:43,96.1,47.611
20:55:44,97.1,48.429
20:55:45,98.1,47.85
20:55:46,99.1,47.085
20:55:47,100.1,47.559
20:55:48,101.11,48.446
20:55:49,102.11,47.234
20:55:50,103.11,47.021
20:55:51,104.11,47.476
20:55:52,105.11,47.484
20:55:53,106.11,48.278
20:55:54,107.11,47.536
20:55:55,108.11,47.107
20:55:56,109.11,47.26
20:55:57,110.11,47.69
20:55:58,111.12,47.898
20:55:59,112.12,47.763
20:56:00,113.12,48.175
20:56:01,114.12,47.704
20:56:02,115.12,47.55
20:56:03,116.12,47.045
20:56:04,117.12,47.286
20:56:05,118.12,47.022
20:56:06,119.12,46.894
20:56:07,120.12,47.0
20:56:08,121.13,46.921
20:56:09,122.13,47.265
20:56:10,123.13,47.155
20:56:11,124.13,68.987
20:56:12,125.13,79.194
20:56:13,126.13,79.395
20:56:14,127.13,79.516
20:56:15,128.13,62.831
20:56:16,129.13,67.688
20:56:17,130.14,67.06
20:56:18,131.14,45.407
20:56:19,132.14,46.331
20:56:20,133.14,46.998
20:56:21,134.14,46.552
20:56:22,135.14,46.51
20:56:23,136.14,46.474
20:56:24,137.14,47.465
20:56:25,138.14,46.799
20:56:26,139.15,46.437
20:56:27,140.15,47.278
20:56:28,141.15,46.934
20:56:29,142.15,46.925
20:56:30,143.15,46.447
20:56:31,144.15,47.774
20:56:32,145.15,47.541
20:56:33,146.15,47.553
20:56:34,147.15,45.963
20:56:35,148.15,46.698
20:56:36,149.16,46.785
20:56:37,150.16,47.026
20:56:38,151.16,46.084
20:56:39,152.16,46.682
20:56:40,153.16,46.728
20:56:41,154.16,46.953
20:56:42,155.16,46.195
20:56:43,156.16,46.71
20:56:44,157.16,47.208
20:56:45,158.17,46.673
20:56:46,159.17,46.76
20:56:47,160.17,45.686
20:56:48,161.17,46.848
20:56:49,162.17,46.732
20:56:50,163.17,45.76
20:56:51,164.17,46.909
20:56:52,165.17,46.798
20:56:53,166.17,46.688
20:56:54,167.17,46.018
20:56:55,168.17,46.952
20:56:56,169.18,46.824
20:56:57,170.18,46.39
20:56:58,171.18,46.086
20:56:59,172.18,47.055
20:57:00,173.18,46.98
20:57:01,174.18,45.719
20:57:02,175.18,47.153
20:57:03,176.18,47.078
20:57:04,177.18,47.085
20:57:05,178.19,46.891
20:57:06,179.19,46.815
20:57:07,180.19,47.555
20:57:08,181.19,47.002
20:57:09,182.19,47.122
20:57:10,183.19,47.138
20:57:11,184.19,47.197
20:57:12,185.19,46.995
20:57:13,186.19,47.067
20:57:14,187.19,47.011
20:57:15,188.2,46.809
20:57:16,189.2,47.173
20:57:17,190.2,47.258
20:57:18,191.2,47.042
20:57:19,192.2,47.572
20:57:20,193.2,47.204
20:57:21,194.2,47.285
20:57:22,195.2,46.422
20:57:23,196.2,47.312
20:57:24,197.21,47.318
20:57:25,198.21,47.466
20:57:26,199.21,47.448
20:57:27,200.21,47.533
20:57:28,201.21,47.504
20:57:29,202.21,46.361
20:57:30,203.21,46.388
20:57:31,204.21,47.476
20:57:32,205.21,47.402
20:57:33,206.21,46.628
20:57:34,207.22,46.681
20:57:35,208.22,48.321
20:57:36,209.22,48.311
20:57:37,210.22,47.159
20:57:38,211.22,47.472
20:57:39,212.22,47.798
20:57:40,213.22,47.575
20:57:41,214.22,47.329
20:57:42,215.23,47.357
20:57:43,216.23,47.627
20:57:44,217.23,57.316
20:57:45,218.23,79.583
20:57:46,219.23,79.399
20:57:47,220.23,79.338
20:57:48,221.23,77.954
20:57:49,222.23,67.27
20:57:50,223.24,67.255
20:57:51,224.24,54.385
20:57:52,225.24,48.076
20:57:53,226.24,48.004
20:57:54,227.24,48.097
20:57:55,228.24,47.895
20:57:56,229.24,46.653
20:57:57,230.24,47.798
20:57:58,231.24,48.044
20:57:59,232.25,47.094
20:58:00,233.25,47.808
20:58:01,234.25,47.389
20:58:02,235.25,48.277
20:58:03,236.25,48.112
20:58:04,237.25,48.101
20:58:05,238.25,48.179
20:58:06,239.25,48.155
20:58:07,240.25,47.016
20:58:08,241.26,46.746
20:58:09,242.26,48.658
20:58:10,243.26,47.768
20:58:11,244.26,48.144
20:58:12,245.26,47.656
20:58:13,246.26,48.171
20:58:14,247.26,48.074
20:58:15,248.26,46.954
20:58:16,249.26,48.469
20:58:17,250.27,47.937
20:58:18,251.27,48.491
20:58:19,252.27,47.936
20:58:20,253.27,47.495
20:58:21,254.27,48.237
20:58:22,255.27,48.39
20:58:23,256.27,48.51
20:58:24,257.27,47.377
20:58:25,258.27,48.092
20:58:26,259.27,48.067
20:58:27,260.28,47.583
20:58:28,261.28,47.894
20:58:29,262.28,48.539
20:58:30,263.28,48.235
20:58:31,264.28,47.063
20:58:32,265.28,48.834
20:58:33,266.28,47.519
20:58:34,267.28,48.092
20:58:35,268.28,47.829
20:58:36,269.28,47.214
20:58:37,270.29,48.016
20:58:38,271.29,48.316
20:58:39,272.29,47.388
20:58:40,273.29,47.18
20:58:41,274.29,48.04
20:58:42,275.29,47.528
20:58:43,276.29,47.418
20:58:44,277.29,47.556
20:58:45,278.29,48.387
20:58:46,279.29,46.831
20:58:47,280.3,47.145
20:58:48,281.3,47.684
20:58:49,282.3,47.663
20:58:50,283.3,48.43
20:58:51,284.3,46.951
20:58:52,285.3,47.626
20:58:53,286.3,48.026
20:58:54,287.3,48.222
20:58:55,288.3,47.59
20:58:56,289.3,48.096
20:58:57,290.31,47.864
20:58:58,291.31,48.106
20:58:59,292.31,46.821
20:59:00,293.31,47.192
20:59:01,294.31,47.215
20:59:02,295.31,48.169
20:59:03,296.31,47.525
20:59:04,297.31,47.482
20:59:05,298.31,47.468
20:59:07,299.31,47.894
20:59:08,300.32,47.569
20:59:09,301.32,47.581
20:59:10,302.32,47.817
20:59:11,303.32,48.128
20:59:12,304.32,47.393
20:59:13,305.32,47.385
20:59:14,306.32,47.99
20:59:15,307.32,47.796
20:59:16,308.32,47.932
20:59:17,309.32,46.747
20:59:18,310.33,48.001
20:59:19,311.33,47.418
20:59:20,312.33,47.236
20:59:21,313.33,75.305
20:59:22,314.33,78.603
20:59:23,315.33,79.529
20:59:24,316.33,79.378
20:59:25,317.33,71.722
20:59:26,318.33,67.234
20:59:27,319.34,61.86
20:59:28,320.34,47.92
20:59:29,321.34,46.886
20:59:30,322.34,47.162
20:59:31,323.34,48.213
20:59:32,324.34,46.855
20:59:33,325.34,46.937
20:59:34,326.34,48.034
20:59:35,327.34,47.262
20:59:36,328.34,47.015
20:59:37,329.35,47.567
20:59:38,330.35,48.323
20:59:39,331.35,47.067
20:59:40,332.35,47.444
20:59:41,333.35,47.389
20:59:42,334.35,48.209
20:59:43,335.35,47.092
20:59:44,336.35,47.521
20:59:45,337.35,47.0
20:59:46,338.35,47.597
20:59:47,339.36,47.162
20:59:48,340.36,47.247
20:59:49,341.36,47.469
20:59:50,342.36,48.046
20:59:51,343.36,47.826
20:59:52,344.36,47.7
20:59:53,345.36,47.384
20:59:54,346.36,47.189
20:59:55,347.36,47.877
20:59:56,348.36,47.431
20:59:57,349.37,47.542
20:59:58,350.37,48.061
20:59:59,351.37,47.394
21:00:00,352.37,47.142
21:00:01,353.37,47.185
21:00:02,354.37,47.485
21:00:03,355.37,48.623
21:00:04,356.37,48.083
21:00:05,357.37,47.507
21:00:06,358.38,47.451
21:00:07,359.38,47.873
21:00:08,360.38,47.389
21:00:09,361.38,47.646
21:00:10,362.38,47.383
21:00:11,363.38,48.716
21:00:12,364.38,47.48
21:00:13,365.38,47.441
21:00:14,366.38,37.009
21:00:15,367.38,29.884
21:00:16,368.39,40.514
21:00:17,369.39,47.684
21:00:18,370.39,47.637
21:00:19,371.39,47.45
21:00:20,372.39,47.625
21:00:21,373.39,47.849
21:00:22,374.39,47.055
21:00:23,375.39,47.616
21:00:24,376.39,47.906
21:00:25,377.4,47.117
21:00:26,378.4,46.481
21:00:27,379.4,46.453
21:00:28,380.4,47.592
21:00:29,381.4,47.017
21:00:30,382.4,46.369
21:00:31,383.4,47.126
21:00:32,384.4,46.617
21:00:33,385.4,46.481
21:00:34,386.41,47.582
21:00:35,387.41,47.202
21:00:36,388.41,46.577
21:00:37,389.41,47.719
21:00:38,390.41,47.158
21:00:39,391.41,46.699
21:00:40,392.41,47.902
21:00:41,393.41,47.136
21:00:42,394.41,46.71
21:00:43,395.41,46.572
21:00:44,396.42,46.935
21:00:45,397.42,47.199
21:00:46,398.42,46.75
21:00:47,399.42,47.268
21:00:48,400.42,47.227
21:00:49,401.42,47.254
21:00:50,402.42,46.697
21:00:51,403.42,46.572
21:00:52,404.42,46.755
21:00:53,405.43,46.688
21:00:54,407.08,46.251
21:00:55,408.08,47.37
21:00:56,409.08,48.297
21:00:57,410.08,59.508
21:00:58,411.08,77.636
21:00:59,412.08,76.979
21:01:00,413.08,77.402
21:01:01,414.09,77.355
21:01:02,415.09,69.183
21:01:03,416.09,68.085
21:01:04,417.09,63.138
21:01:05,418.09,47.717
21:01:06,419.09,46.913
21:01:07,420.09,47.158
21:01:08,421.09,47.294
21:01:09,422.09,47.265
21:01:10,423.09,47.404
21:01:11,424.1,47.215
21:01:12,425.1,47.265
21:01:13,426.1,46.491
21:01:14,427.1,48.412
21:01:15,428.1,47.874
21:01:16,429.1,47.717
21:01:17,430.1,48.468
21:01:18,431.1,47.888
21:01:19,432.1,48.311
21:01:20,433.1,47.777
21:01:21,434.11,48.009
21:01:22,435.11,47.356
21:01:23,436.11,47.87
21:01:24,437.11,47.578
21:01:25,438.11,47.817
21:01:26,439.11,47.691
21:01:27,440.11,47.936
21:01:28,441.11,47.908
21:01:29,442.11,47.697
21:01:30,443.12,47.703
21:01:31,444.12,48.035
21:01:32,445.12,46.95
21:01:33,446.12,46.816
21:01:34,447.12,46.848
21:01:35,448.12,46.896
21:01:36,449.12,46.865
21:01:37,450.12,46.871
21:01:38,451.12,46.965
21:01:39,452.12,47.064
21:01:40,453.13,46.944
21:01:41,454.13,46.913
21:01:42,455.13,47.049
21:01:43,456.13,46.799
21:01:44,457.13,46.403
21:01:45,458.13,47.532
21:01:46,459.13,48.046
21:01:47,460.13,47.126
21:01:48,461.13,47.582
21:01:49,462.14,47.475
21:01:50,463.14,47.036
21:01:51,464.14,46.914
21:01:52,465.14,46.915
21:01:53,466.14,46.774
21:01:54,467.14,46.724
21:01:55,468.14,46.905
21:01:56,469.14,47.312
21:01:57,470.14,47.68
21:01:58,471.15,47.582
21:01:59,472.15,46.971
21:02:00,473.15,46.795
21:02:01,474.15,46.777
21:02:02,475.15,46.834
21:02:03,476.15,47.138
21:02:04,477.15,47.426
21:02:05,478.15,47.521
21:02:06,479.15,48.013
21:02:07,480.15,47.668
21:02:08,481.16,47.2
21:02:09,482.16,47.32
21:02:10,483.16,47.041
21:02:11,484.16,46.958
21:02:12,485.16,47.179
21:02:13,486.16,46.979
21:02:14,487.16,47.063
21:02:15,488.16,47.099
21:02:16,489.16,47.516
21:02:17,490.16,48.017
21:02:18,491.17,47.611
21:02:19,492.17,47.761
21:02:20,493.17,47.168
21:02:21,494.17,47.265
21:02:22,495.17,47.056
21:02:23,496.17,47.116
21:02:24,497.17,46.908
21:02:25,498.17,46.757
21:02:26,499.17,47.453
21:02:27,500.17,47.473
21:02:28,501.18,46.944
21:02:29,502.18,47.421
21:02:30,503.18,46.933
21:02:31,504.18,46.887
21:02:32,505.18,47.019
21:02:33,506.18,47.328
21:02:34,507.18,47.526
21:02:35,508.18,72.607
21:02:36,509.18,79.543
21:02:37,510.18,79.379
21:02:38,511.19,79.377
21:02:39,512.19,71.392
21:02:40,513.19,66.328
21:02:41,514.19,64.365
21:02:42,515.19,47.337
21:02:43,516.19,47.21
21:02:44,517.19,47.185
21:02:45,518.19,47.516
21:02:46,519.19,47.319
21:02:47,520.19,47.26
21:02:48,521.2,47.26
21:02:49,522.2,47.453
21:02:50,523.2,47.381
21:02:51,524.2,47.862
21:02:52,525.2,47.754
21:02:53,526.2,47.742
21:02:54,527.2,47.745
21:02:55,528.2,48.473
21:02:56,529.2,47.742
21:02:57,530.21,48.269
21:02:58,531.21,47.482
21:02:59,532.21,47.799
21:03:00,533.21,47.508
21:03:01,534.21,47.592
21:03:02,535.21,48.282
21:03:03,536.21,48.871
21:03:04,537.21,48.123
21:03:05,538.21,47.908
21:03:06,539.21,48.034
21:03:07,540.22,48.087
21:03:08,541.22,47.566
21:03:09,542.22,47.8
21:03:10,543.22,48.085
21:03:11,544.22,48.002
21:03:12,545.22,47.742
21:03:13,546.22,48.053
21:03:14,547.22,47.375
21:03:15,548.22,47.965
21:03:16,549.22,47.946
21:03:17,550.23,48.186
21:03:18,551.23,46.598
21:03:19,552.23,48.099
21:03:20,553.23,47.929
21:03:21,554.23,47.798
21:03:22,555.23,47.898
21:03:23,556.23,48.065
21:03:24,557.23,47.919
21:03:25,558.23,47.999
21:03:26,559.23,47.349
21:03:27,560.24,47.936
21:03:28,561.24,47.832
21:03:29,562.24,47.098
21:03:30,563.24,47.804
21:03:31,564.24,47.822
21:03:32,565.24,47.334
21:03:33,566.24,47.49
21:03:34,567.24,48.074
21:03:35,568.24,47.778
21:03:36,569.24,47.549
21:03:37,570.25,47.862
21:03:38,571.25,47.053
21:03:39,572.25,47.697
21:03:40,573.25,48.137
21:03:41,574.25,47.786
21:03:42,575.25,46.972
21:03:43,576.25,47.221
21:03:44,577.25,48.193
21:03:45,578.25,48.01
21:03:46,579.26,47.704
21:03:47,580.26,47.136
21:03:48,581.26,47.98
21:03:49,582.26,47.766
21:03:50,583.26,46.961
21:03:51,584.26,48.061
21:03:52,585.26,47.871
21:03:53,586.26,47.856
21:03:54,587.26,47.62
21:03:55,588.27,47.826
21:03:56,589.27,47.907
21:03:57,590.27,47.736
21:03:58,591.27,47.974
21:03:59,592.27,48.077
21:04:00,593.27,47.563
21:04:01,594.27,47.089
21:04:02,595.27,48.241
21:04:03,596.27,47.862
21:04:04,597.27,48.043
21:04:05,598.28,47.815
21:04:06,599.28,48.09
21:04:07,600.28,48.124
21:04:08,601.28,48.375
21:04:09,602.28,48.127
21:04:10,603.28,47.997
21:04:11,604.28,47.808
21:04:12,605.28,48.497
21:04:13,606.28,48.183
21:04:14,607.29,47.663
21:04:15,608.29,47.172
21:04:16,609.29,64.15
21:04:17,610.29,78.982
21:04:18,611.29,79.043
21:04:19,612.29,79.397
21:04:20,613.29,75.22
21:04:21,614.29,68.238
21:04:22,615.29,66.948
21:04:23,616.29,51.005
21:04:24,617.3,47.513
21:04:25,618.3,47.728
21:04:26,619.3,47.709
21:04:27,620.3,47.728
21:04:28,621.3,48.455
21:04:29,622.3,48.65
21:04:30,623.3,47.001
21:04:31,624.3,48.445
21:04:32,625.3,48.23
21:04:33,626.3,47.729
21:04:34,627.31,48.874
21:04:35,628.31,47.161
21:04:36,629.31,48.439
21:04:37,630.31,48.233
21:04:38,631.31,48.091
21:04:39,632.31,48.748
21:04:40,633.31,48.377
21:04:41,634.31,47.536
21:04:43,635.31,48.577
21:04:44,636.32,47.663
21:04:45,637.32,48.559
21:04:46,638.32,48.359
21:04:47,639.32,47.641
21:04:48,640.32,48.759
21:04:49,641.32,47.77
21:04:50,642.32,48.432
21:04:51,643.32,48.547
21:04:52,644.33,47.457
21:04:53,645.33,48.569
21:04:54,646.33,47.331
21:04:55,647.33,48.155
21:04:56,648.33,47.974
21:04:57,649.33,47.572
21:04:58,650.33,48.124
21:04:59,651.33,47.379
21:05:00,652.33,48.538
21:05:01,653.34,47.953
21:05:02,654.34,47.838
21:05:03,655.34,48.384
21:05:04,656.34,46.976
21:05:05,657.34,48.4
21:05:06,658.34,47.681
21:05:07,659.34,47.591
21:05:08,660.34,48.342
21:05:09,661.34,47.738
21:05:10,662.34,47.687
21:05:11,663.35,47.874
21:05:12,664.35,47.229
21:05:13,665.35,47.65
21:05:14,666.35,47.453
21:05:15,667.35,48.382
21:05:16,668.35,47.122
21:05:17,669.35,48.435
21:05:18,670.35,47.799
21:05:19,671.35,48.022
21:05:20,672.35,47.241
21:05:21,673.36,48.422
21:05:22,674.36,48.108
21:05:23,675.36,47.843
21:05:24,676.36,47.623
21:05:25,677.36,48.072
21:05:26,678.36,48.569
21:05:27,679.36,47.444
21:05:28,680.36,46.219
21:05:29,681.37,48.451
21:05:30,682.37,46.958
21:05:31,683.37,48.18
21:05:32,684.37,48.06
21:05:33,685.37,48.137
21:05:34,686.37,47.539
21:05:35,687.37,48.214
21:05:36,688.37,47.382
21:05:37,689.37,47.959
21:05:38,690.38,47.931
21:05:39,691.38,47.039
21:05:40,692.38,48.42
21:05:41,693.38,47.365
21:05:42,694.38,48.294
21:05:43,695.38,48.073
21:05:44,696.38,47.66
21:05:45,697.38,48.378
21:05:46,698.38,47.471
21:05:47,699.39,48.498
21:05:48,700.39,47.051
21:05:49,701.39,48.361
21:05:50,702.39,47.39
21:05:51,703.39,48.42
21:05:52,704.39,47.723
21:05:53,705.39,47.89
21:05:54,706.39,47.638
21:05:55,707.39,47.68
21:05:56,708.4,48.06
21:05:57,709.4,47.2
21:05:58,710.4,47.1
21:05:59,711.4,47.402
21:06:00,712.4,50.552
21:06:01,713.4,78.568
21:06:02,714.4,79.124
21:06:03,715.4,79.251
21:06:04,716.4,78.426
21:06:05,717.41,67.908
21:06:06,718.41,68.518
21:06:07,719.41,55.592
21:06:08,720.41,47.319
21:06:09,721.41,34.476
21:06:10,722.41,39.752
21:06:11,723.41,47.962
21:06:12,724.41,47.9
21:06:13,725.41,47.961
21:06:14,726.42,48.082
21:06:15,727.42,48.23
21:06:16,728.42,47.978
21:06:17,729.42,48.831
21:06:18,730.42,47.809
21:06:19,731.42,47.68
21:06:20,732.42,48.553
21:06:21,733.42,47.674
21:06:22,734.42,47.434
21:06:23,735.42,47.947
21:06:24,736.43,46.803
21:06:25,737.43,47.365
21:06:26,738.43,48.171
21:06:27,739.43,47.257
21:06:28,740.43,47.552
21:06:29,741.43,48.574
21:06:30,742.43,47.441
21:06:31,743.43,48.75
21:06:32,744.43,47.497
21:06:33,745.43,48.328
21:06:34,746.43,48.479
21:06:35,747.44,48.477
21:06:36,748.44,48.494
21:06:37,749.44,47.427
21:06:38,750.44,49.068
21:06:39,751.44,48.004
21:06:40,752.44,49.306
21:06:41,753.44,48.034
21:06:42,754.44,48.025
21:06:43,755.45,49.392
21:06:44,756.45,47.955
21:06:45,757.45,49.358
21:06:46,758.45,48.061
21:06:47,759.45,47.891
21:06:48,760.45,48.719
21:06:49,761.45,48.507
21:06:50,762.45,48.022
21:06:51,763.45,49.211
21:06:52,764.46,48.413
21:06:53,765.46,48.776
21:06:54,766.46,49.151
21:06:55,767.46,48.211
21:06:56,768.46,49.462
21:06:57,769.46,48.27
21:06:58,770.46,49.469
21:06:59,771.46,48.864
21:07:00,772.46,48.248
21:07:01,773.47,48.238
21:07:02,774.47,48.246
21:07:03,775.47,49.523
21:07:04,776.47,48.107
21:07:05,777.47,48.519
21:07:06,778.47,48.098
21:07:07,779.47,48.17
21:07:08,780.47,48.832
21:07:09,781.47,48.812
21:07:10,782.47,48.397
21:07:11,783.48,48.343
21:07:12,784.48,47.985
21:07:13,785.48,48.168
21:07:14,786.48,49.337
21:07:15,787.48,49.044
21:07:16,788.48,48.036
21:07:17,789.48,49.001
21:07:18,790.48,48.746
21:07:19,791.48,48.428
21:07:20,792.48,49.555
21:07:21,793.49,48.049
21:07:22,794.49,49.693
21:07:23,795.49,48.207
21:07:24,796.49,48.32
21:07:25,797.49,48.688
21:07:26,798.49,48.094
21:07:27,799.49,49.302
21:07:28,800.49,48.333
21:07:29,801.49,48.225
21:07:30,802.49,48.796
21:07:31,803.5,48.991
21:07:32,804.5,47.809
21:07:33,805.5,48.097
21:07:34,806.5,48.493
21:07:35,807.5,48.824
21:07:36,808.5,48.159
21:07:37,809.5,48.566
21:07:38,810.5,74.618
21:07:39,811.5,77.724
21:07:40,812.5,77.732
21:07:41,813.51,78.148
21:07:42,814.51,73.731
21:07:43,815.51,64.304
21:07:44,816.51,66.993
21:07:45,817.51,55.246
21:07:46,818.51,48.45
21:07:47,819.51,48.292
21:07:48,820.51,48.298
21:07:49,821.51,48.336
21:07:50,822.51,48.335
21:07:51,823.52,48.451
21:07:52,824.52,48.39
21:07:53,825.52,48.527
21:07:54,826.52,48.65
21:07:55,827.52,48.831
21:07:56,828.52,48.716
21:07:57,829.52,48.964
21:07:58,830.52,48.657
21:07:59,831.52,48.676
21:08:00,832.52,49.458
21:08:01,833.53,49.468
21:08:02,834.53,48.701
21:08:03,835.53,48.988
21:08:04,836.53,49.233
21:08:05,837.53,49.345
21:08:06,838.53,49.051
21:08:07,839.53,49.269
21:08:08,840.53,48.854
21:08:09,841.53,49.39
21:08:10,842.53,49.001
21:08:11,843.54,48.09
21:08:12,844.54,49.051
21:08:13,845.54,49.163
21:08:14,846.54,48.703
21:08:15,847.54,49.083
21:08:16,848.54,49.384
21:08:17,849.54,48.577
21:08:18,850.54,48.325
21:08:19,851.54,49.446
21:08:20,852.55,49.195
21:08:21,853.55,48.516
21:08:22,854.55,48.725
21:08:23,855.55,47.83
21:08:24,856.55,49.118
21:08:25,857.55,49.131
21:08:26,858.55,48.393
21:08:27,859.55,49.191
21:08:28,860.56,49.282
21:08:29,861.56,48.816
21:08:30,862.56,48.481
21:08:31,863.56,49.469
21:08:32,864.56,48.513
21:08:33,865.56,49.167
21:08:34,866.56,49.414
21:08:35,867.56,48.68
21:08:36,868.56,49.3
21:08:37,869.56,49.611
21:08:38,870.56,48.2
21:08:39,871.57,49.373
21:08:40,872.57,49.355
21:08:41,873.57,49.311
21:08:42,874.57,49.767
21:08:43,875.57,49.701
21:08:44,876.57,48.723
21:08:45,877.57,49.144
21:08:46,878.57,49.549
21:08:47,879.58,48.182
21:08:48,880.58,49.739
21:08:49,881.58,49.224
21:08:50,882.58,48.318
21:08:51,883.58,48.89
21:08:52,884.58,48.653
21:08:53,885.58,49.872
21:08:54,886.58,49.286
21:08:55,887.58,48.966
21:08:56,888.58,49.785
21:08:57,889.59,49.505
21:08:58,890.59,48.416
21:08:59,891.59,49.55
21:09:00,892.59,49.134
21:09:01,893.59,48.766
21:09:02,894.59,49.508
21:09:03,895.59,48.445
21:09:04,896.59,49.507
21:09:05,897.59,49.475
21:09:06,898.6,48.173
21:09:07,899.6,48.301
21:09:08,900.6,49.42
21:09:09,901.6,49.523
21:09:10,902.6,48.295
21:09:11,903.6,49.89
21:09:12,904.6,49.498
21:09:13,905.6,48.589
21:09:14,906.6,49.804
21:09:15,907.6,49.141
21:09:16,908.61,49.568
21:09:17,909.61,49.47
21:09:18,910.61,48.36
21:09:19,911.61,49.553
21:09:20,912.61,48.891
21:09:21,913.61,79.078
21:09:22,914.61,78.812
21:09:23,915.61,78.793
21:09:24,916.62,79.477
21:09:25,917.62,70.204
21:09:26,918.62,66.516
21:09:27,919.62,59.508
21:09:28,920.62,49.715
21:09:29,921.62,49.167
21:09:30,922.62,49.204
21:09:31,923.62,49.76
21:09:32,924.62,49.793
21:09:33,925.63,48.835
21:09:34,926.63,49.568
21:09:35,927.63,50.038
21:09:36,928.63,48.703
21:09:37,929.63,49.499
21:09:38,930.63,48.615
21:09:39,931.63,49.612
21:09:40,932.63,48.037
21:09:41,933.63,48.425
21:09:42,934.63,49.308
21:09:43,935.64,48.953
21:09:44,936.64,49.308
21:09:45,937.64,48.65
21:09:46,938.64,50.13
21:09:47,939.64,49.124
21:09:48,940.64,49.364
21:09:49,941.64,49.65
21:09:50,942.64,48.519
21:09:51,943.64,49.666
21:09:52,944.64,48.79
21:09:53,945.65,49.593
21:09:54,946.65,49.357
21:09:55,947.65,48.61
21:09:56,948.65,49.224
21:09:57,949.65,48.476
21:09:58,950.65,48.9
21:09:59,951.65,49.572
21:10:00,952.65,48.876
21:10:01,953.66,49.413
21:10:02,954.66,49.734
21:10:03,955.66,48.434
21:10:04,956.66,49.753
21:10:05,957.66,48.911
21:10:06,958.66,49.616
21:10:07,959.66,49.65
21:10:08,960.66,48.893
21:10:09,961.66,48.645
21:10:10,962.67,49.147
21:10:11,963.67,48.851
21:10:12,964.67,49.932
21:10:13,965.67,49.184
21:10:14,966.67,48.639
21:10:15,967.67,49.74
21:10:16,968.67,49.52
21:10:17,969.67,48.927
21:10:18,970.67,49.598
21:10:19,971.67,49.124
21:10:20,972.68,49.324
21:10:21,973.68,49.782
21:10:22,974.68,48.79
21:10:23,975.68,49.179
21:10:24,976.68,49.83
21:10:25,977.68,49.553
21:10:26,978.68,48.919
21:10:27,979.68,49.553
21:10:28,980.68,49.43
21:10:29,981.68,48.995
21:10:30,982.69,49.873
21:10:31,983.69,49.477
21:10:32,984.69,48.909
21:10:33,985.69,49.875
21:10:34,986.69,49.181
21:10:35,987.69,49.42
21:10:36,988.69,49.613
21:10:37,989.69,48.193
21:10:38,990.69,49.569
21:10:39,991.69,48.702
21:10:40,992.7,48.913
21:10:41,993.7,48.78
21:10:42,994.7,49.06
21:10:43,995.7,48.696
21:10:44,996.7,48.828
21:10:45,997.7,47.847
21:10:46,998.7,49.522
21:10:47,999.7,48.287
21:10:48,1000.7,49.407
21:10:49,1001.71,49.261
21:10:50,1002.71,48.379
21:10:51,1003.71,49.647
21:10:52,1004.71,48.916
21:10:53,1005.71,48.838
21:10:54,1006.71,49.698
21:10:55,1007.71,48.703
21:10:56,1008.71,49.0
21:10:57,1009.71,49.58
21:10:58,1010.72,48.701
21:10:59,1011.72,48.91
21:11:00,1012.72,49.209
21:11:01,1013.72,48.69
21:11:02,1014.72,49.175
21:11:03,1015.72,49.536
21:11:04,1016.72,75.251
21:11:05,1017.72,79.107
21:11:06,1018.72,79.546
21:11:07,1019.72,79.543
21:11:08,1020.73,71.349
21:11:09,1021.73,65.574
21:11:10,1022.73,59.545
21:11:11,1023.73,25.305
21:11:12,1024.73,46.42
21:11:13,1025.73,49.305
21:11:14,1026.73,49.429
21:11:15,1027.73,48.996
21:11:16,1028.73,49.229
21:11:17,1029.73,49.316
21:11:18,1030.74,48.389
21:11:19,1031.74,48.372
21:11:20,1032.74,49.045
21:11:21,1033.74,49.257
21:11:22,1034.74,48.837
21:11:23,1035.74,48.502
21:11:24,1036.74,49.301
21:11:25,1037.74,49.004
21:11:26,1038.74,48.54
21:11:27,1039.74,48.601
21:11:28,1040.75,48.751
21:11:29,1041.75,48.632
21:11:30,1042.75,49.091
21:11:31,1043.75,47.85
21:11:32,1044.75,49.438
21:11:33,1045.75,48.661
21:11:34,1046.75,48.394
21:11:35,1047.75,49.189
21:11:36,1048.75,47.883
21:11:37,1049.76,49.15
21:11:38,1050.76,48.757
21:11:39,1051.76,48.361
21:11:40,1052.76,48.861
21:11:41,1053.76,49.094
21:11:42,1054.76,48.167
21:11:43,1055.76,49.022
21:11:44,1056.76,49.204
21:11:45,1057.77,48.329
21:11:46,1058.77,48.999
21:11:47,1059.77,49.014
21:11:48,1060.77,48.638
21:11:49,1061.77,48.547
21:11:50,1062.77,48.966
21:11:51,1063.77,47.157
21:11:52,1064.77,47.164
21:11:53,1065.77,49.132
21:11:54,1066.78,49.022
21:11:55,1067.78,47.839
21:11:56,1068.78,49.138
21:11:57,1069.78,48.902
21:11:58,1070.78,47.519
21:11:59,1071.78,48.845
21:12:00,1072.78,47.862
21:12:01,1073.78,48.791
21:12:02,1074.78,40.147
21:12:03,1075.78,34.674
21:12:04,1076.79,45.19
21:12:05,1077.79,47.35
21:12:06,1078.79,47.249
21:12:07,1079.79,47.973
21:12:08,1080.79,47.382
21:12:09,1081.79,46.035
21:12:10,1082.79,47.517
21:12:11,1083.79,47.596
21:12:12,1084.79,47.892
21:12:13,1085.79,46.976
21:12:14,1086.8,46.955
21:12:15,1087.8,47.216
21:12:16,1088.8,47.461
21:12:17,1089.8,46.982
21:12:18,1090.8,47.589
21:12:19,1091.8,46.846
21:12:20,1092.8,48.482
21:12:21,1093.8,47.814
21:12:22,1094.8,47.832
21:12:23,1095.8,47.65
21:12:24,1096.81,47.303
21:12:25,1097.81,47.488
21:12:26,1098.81,48.299
21:12:27,1099.81,48.082
21:12:28,1100.81,47.816
21:12:29,1101.81,47.889
21:12:30,1102.81,49.169
21:12:31,1103.81,48.164
21:12:32,1104.81,48.253
21:12:33,1105.81,48.304
21:12:34,1106.82,48.051
21:12:35,1107.82,48.465
21:12:36,1108.82,48.568
21:12:37,1109.82,48.473
21:12:38,1110.82,48.767
21:12:39,1111.82,48.599
21:12:40,1112.82,48.521
21:12:41,1113.82,48.29
21:12:42,1114.82,47.84
21:12:43,1115.82,48.378
21:12:44,1116.83,48.678
21:12:45,1117.83,48.727
21:12:46,1118.83,60.546
21:12:47,1119.83,77.33
21:12:48,1120.83,77.528
21:12:49,1121.83,77.323
21:12:50,1122.83,77.183
21:12:51,1123.83,68.881
21:12:52,1124.83,66.753
21:12:53,1125.84,59.568
21:12:54,1126.84,25.319
21:12:55,1127.84,48.22
21:12:56,1128.84,48.61
21:12:57,1129.84,46.565
21:12:58,1130.84,48.392
21:12:59,1131.84,48.65
21:13:00,1132.84,48.849
21:13:01,1133.84,48.303
21:13:02,1134.84,48.578
21:13:03,1135.85,48.308
21:13:04,1136.85,48.658
21:13:05,1137.85,48.422
21:13:06,1138.85,47.749
21:13:07,1139.85,48.361
21:13:08,1140.85,48.699
21:13:09,1141.85,48.632
21:13:10,1142.85,48.692
21:13:11,1143.85,48.796
21:13:12,1144.85,47.973
21:13:13,1145.86,48.964
21:13:14,1146.86,49.182
21:13:15,1147.86,48.946
21:13:16,1148.86,48.798
21:13:17,1149.86,48.644
21:13:18,1150.86,48.331
21:13:19,1151.86,48.936
21:13:20,1152.86,48.352
21:13:21,1153.86,48.728
21:13:22,1154.86,48.304
21:13:23,1155.87,48.472
21:13:24,1156.87,48.929
21:13:25,1157.87,49.067
21:13:26,1158.87,48.18
21:13:27,1159.87,48.645
21:13:28,1160.87,49.14
21:13:29,1161.87,48.667
21:13:30,1162.87,47.452
21:13:31,1163.87,48.436
21:13:32,1164.88,48.794
21:13:33,1165.88,48.659
21:13:34,1166.88,48.329
21:13:35,1167.88,49.29
21:13:36,1168.88,48.993
21:13:37,1169.88,48.984
21:13:38,1170.88,48.392
21:13:39,1171.88,49.133
21:13:40,1172.88,49.035
21:13:41,1173.88,48.075
21:13:42,1174.89,49.268
21:13:43,1175.89,49.362
21:13:44,1176.89,49.397
21:13:45,1177.89,48.11
21:13:46,1178.89,49.306
21:13:47,1179.89,49.18
21:13:48,1180.89,48.926
21:13:49,1181.89,48.807
21:13:50,1182.89,49.193
21:13:51,1183.9,49.348
21:13:52,1184.9,49.007
21:13:53,1185.9,48.373
21:13:54,1186.9,49.177
21:13:55,1187.9,48.735
21:13:56,1188.9,47.968
21:13:57,1189.9,49.044
21:13:58,1190.9,49.177
21:13:59,1191.9,49.284
21:14:00,1192.91,48.574
21:14:01,1193.91,48.515
21:14:02,1194.91,49.247
21:14:03,1195.91,48.81
21:14:04,1196.91,48.144
21:14:05,1197.91,49.049
21:14:06,1198.91,48.837
21:14:07,1199.91,48.609
21:14:08,1200.91,48.727
21:14:09,1201.92,49.297
21:14:10,1202.92,49.022
21:14:11,1203.92,47.931
21:14:12,1204.92,49.086
21:14:13,1205.92,48.366
21:14:14,1206.92,49.139
21:14:15,1207.92,49.436
21:14:16,1208.92,49.059
21:14:17,1209.93,48.39
21:14:18,1210.93,49.072
21:14:19,1211.93,48.386
21:14:20,1212.93,48.258
21:14:21,1213.93,49.105
21:14:22,1214.93,48.173
21:14:23,1215.93,49.072
21:14:24,1216.93,49.173
21:14:25,1217.93,48.182
21:14:26,1218.94,48.96
21:14:27,1219.94,49.216
21:14:28,1220.94,48.027
21:14:29,1221.94,49.23
21:14:30,1222.94,65.152
21:14:31,1223.94,79.444
21:14:32,1224.94,79.515
21:14:33,1225.94,78.714
21:14:34,1226.94,73.354
21:14:35,1227.94,64.804
21:14:36,1228.95,65.588
21:14:37,1229.95,52.435
21:14:38,1230.95,48.471
21:14:39,1231.95,49.442
21:14:40,1232.95,49.003
21:14:41,1233.95,47.927
21:14:42,1234.95,49.273
21:14:43,1235.95,48.907
21:14:44,1236.95,48.684
21:14:45,1237.96,49.254
21:14:46,1238.96,48.823
21:14:47,1239.96,48.451
21:14:48,1240.96,49.072
21:14:49,1241.96,48.236
21:14:50,1242.96,48.041
21:14:51,1243.96,49.026
21:14:52,1244.96,48.33
21:14:53,1245.96,48.388
21:14:54,1246.96,48.999
21:14:55,1247.97,48.784
21:14:56,1248.97,48.52
21:14:57,1249.97,49.211
21:14:58,1250.97,49.085
21:14:59,1251.97,48.326
21:15:00,1252.97,48.013
21:15:01,1253.97,48.936
21:15:02,1254.97,48.928
21:15:03,1255.97,48.254
21:15:04,1256.97,49.21
21:15:05,1257.98,48.85
21:15:06,1258.98,47.734
21:15:07,1259.98,48.655
21:15:08,1260.98,47.304
21:15:09,1261.98,47.675
21:15:10,1262.98,49.023
21:15:11,1263.98,49.092
21:15:12,1264.98,48.334
21:15:13,1265.98,48.938
21:15:14,1266.99,48.876
21:15:15,1267.99,48.804
21:15:16,1268.99,48.878
21:15:17,1269.99,48.928
21:15:18,1270.99,48.048
21:15:19,1271.99,48.901
21:15:20,1272.99,48.733
21:15:21,1273.99,48.304
21:15:22,1274.99,48.631
21:15:23,1275.99,48.903
21:15:24,1277.0,48.31
21:15:25,1278.0,48.534
21:15:26,1279.0,48.857
21:15:27,1280.0,48.319
21:15:28,1281.0,48.021
21:15:29,1282.0,48.693
21:15:30,1283.0,48.104
21:15:31,1284.0,48.494
21:15:32,1285.0,48.59
21:15:33,1286.01,48.119
21:15:34,1287.01,48.924
21:15:35,1288.01,48.845
21:15:36,1289.01,48.524
21:15:37,1290.01,48.252
21:15:38,1291.01,48.936
21:15:39,1292.01,48.2
21:15:40,1293.01,48.634
21:15:41,1294.01,48.507
21:15:42,1295.01,48.247
21:15:43,1296.02,49.223
21:15:44,1297.02,48.631
21:15:45,1298.02,47.936
21:15:46,1299.02,49.124
21:15:47,1300.02,48.727
21:15:48,1301.02,48.089
21:15:49,1302.02,48.588
21:15:50,1303.02,48.427
21:15:51,1304.02,47.705
21:15:52,1305.02,48.943
21:15:53,1306.03,48.942
21:15:54,1307.03,48.556
21:15:55,1308.03,48.016
21:15:56,1309.03,48.548
21:15:57,1310.03,48.752
21:15:58,1311.03,47.258
21:15:59,1312.03,48.77
21:16:00,1313.03,48.962
21:16:01,1314.03,48.906
21:16:02,1315.03,47.614
21:16:03,1316.04,48.892
21:16:04,1317.04,48.207
21:16:05,1318.04,48.128
21:16:06,1319.04,48.617
21:16:07,1320.04,48.332
21:16:08,1321.04,48.059
21:16:09,1322.04,48.862
21:16:10,1323.04,48.72
21:16:11,1324.04,48.513
21:16:12,1325.05,47.896
21:16:13,1326.05,78.421
21:16:14,1327.05,79.091
21:16:15,1328.05,79.461
21:16:16,1329.05,79.391
21:16:17,1330.05,69.893
21:16:18,1331.05,65.109
21:16:19,1332.05,61.944
21:16:20,1333.05,48.23
21:16:21,1334.06,49.088
21:16:22,1335.06,48.969
21:16:23,1336.06,48.749
21:16:24,1337.06,48.33
21:16:25,1338.06,48.899
21:16:26,1339.06,48.727
21:16:27,1340.06,47.975
21:16:28,1341.06,48.992
21:16:29,1342.06,48.087
21:16:30,1343.07,48.269
21:16:31,1344.07,48.904
21:16:32,1345.07,48.384
21:16:33,1346.07,48.504
21:16:34,1347.07,48.821
21:16:35,1348.07,48.336
21:16:36,1349.07,48.541
21:16:37,1350.07,48.984
21:16:38,1351.08,48.185
21:16:39,1352.08,49.094
21:16:40,1353.08,49.087
21:16:41,1354.08,48.5
21:16:42,1355.08,48.481
21:16:43,1356.08,49.092
21:16:44,1357.08,48.931
21:16:45,1358.08,48.429
21:16:46,1359.08,47.249
21:16:47,1360.08,49.015
21:16:48,1361.09,48.619
21:16:49,1362.09,48.874
21:16:50,1363.09,48.192
21:16:51,1364.09,48.258
21:16:52,1365.09,48.995
21:16:53,1366.09,47.9
21:16:54,1367.09,49.296
21:16:55,1368.09,48.349
21:16:56,1369.09,48.619
21:16:57,1370.1,49.004
21:16:58,1371.1,48.083
21:16:59,1372.1,49.04
21:17:00,1373.1,48.177
21:17:01,1374.1,49.313
21:17:02,1375.1,48.385
21:17:03,1376.1,48.485
21:17:04,1377.11,49.236
21:17:05,1378.11,48.081
21:17:06,1379.11,49.0
21:17:07,1380.11,48.076
21:17:08,1381.11,49.21
21:17:09,1382.11,48.526
21:17:10,1383.11,48.851
21:17:11,1384.11,48.309
21:17:12,1385.11,49.059
21:17:13,1386.11,48.991
21:17:14,1387.12,48.503
21:17:15,1388.12,49.234
21:17:16,1389.12,48.229
21:17:17,1390.12,48.788
21:17:18,1391.12,47.377
21:17:19,1392.12,48.214
21:17:20,1393.12,48.874
21:17:21,1394.12,48.0
21:17:22,1395.12,49.01
21:17:23,1396.12,49.009
21:17:24,1397.13,48.037
21:17:25,1398.13,48.699
21:17:26,1399.13,48.336
21:17:27,1400.13,48.487
21:17:28,1401.13,48.782
21:17:29,1402.13,47.865
21:17:30,1403.13,49.02
21:17:31,1404.13,48.331
21:17:32,1405.13,48.827
21:17:33,1406.14,47.985
21:17:34,1407.14,48.455
21:17:35,1408.14,48.891
21:17:36,1409.14,47.618
21:17:37,1410.14,48.553
21:17:38,1411.14,48.775
21:17:39,1412.14,48.229
21:17:40,1413.14,48.392
21:17:41,1414.14,48.975
21:17:42,1415.14,48.603
21:17:43,1416.15,48.218
21:17:44,1417.15,48.544
21:17:45,1418.15,47.667
21:17:46,1419.15,49.13
21:17:47,1420.15,48.628
21:17:48,1421.15,47.59
21:17:49,1422.15,48.833
21:17:50,1423.15,48.451
21:17:51,1424.15,47.039
21:17:52,1425.15,47.792
21:17:53,1426.16,48.175
21:17:54,1427.16,48.577
21:17:55,1428.16,47.998
21:17:56,1429.16,68.109
21:17:57,1430.16,79.441
21:17:58,1431.16,79.498
21:17:59,1432.16,79.277
21:18:00,1433.16,73.009
21:18:01,1434.16,67.004
21:18:02,1435.16,65.689
21:18:03,1436.17,48.034
21:18:04,1437.17,48.836
21:18:05,1438.17,48.492
21:18:06,1439.17,34.581
21:18:07,1440.17,40.125
21:18:08,1441.17,48.26
21:18:09,1442.17,48.165
21:18:10,1443.17,48.331
21:18:11,1444.17,48.644
21:18:12,1445.17,47.677
21:18:13,1446.18,47.581
21:18:14,1447.18,48.673
21:18:15,1448.18,48.168
21:18:16,1449.18,48.145
21:18:17,1450.18,48.313
21:18:18,1451.18,48.423
21:18:19,1452.18,48.601
21:18:20,1453.18,47.792
21:18:21,1454.18,49.126
21:18:22,1455.18,48.322
21:18:23,1456.19,49.319
21:18:24,1457.19,46.63
21:18:25,1458.19,46.967
21:18:26,1459.19,48.673
21:18:27,1460.19,49.502
21:18:28,1461.19,49.326
21:18:29,1462.19,48.634
21:18:30,1463.19,48.656
21:18:31,1464.19,49.746
21:18:32,1465.19,48.374
21:18:33,1466.2,48.818
21:18:34,1467.2,49.066
21:18:35,1468.2,48.902
21:18:36,1469.2,49.047
21:18:37,1470.2,48.756
21:18:38,1471.2,48.153
21:18:39,1472.2,48.86
21:18:40,1473.2,49.194
21:18:41,1474.2,49.084
21:18:42,1475.2,49.148
21:18:43,1476.21,48.91
21:18:44,1477.21,48.897
21:18:45,1478.21,48.811
21:18:46,1479.21,49.111
21:18:47,1480.21,49.375
21:18:48,1481.21,48.858
21:18:49,1482.21,48.401
21:18:50,1483.21,49.246
21:18:51,1484.21,49.22
21:18:52,1485.21,49.095
21:18:53,1486.22,49.168
21:18:54,1487.22,48.367
21:18:55,1488.22,48.688
21:18:56,1489.22,49.284
21:18:57,1490.22,48.545
21:18:58,1491.22,49.08
21:18:59,1492.22,49.33
21:19:00,1493.22,49.27
21:19:01,1494.22,48.34
21:19:02,1495.23,48.982
21:19:03,1496.23,49.303
21:19:04,1497.23,48.257
21:19:05,1498.23,49.564
21:19:06,1499.23,49.54
21:19:07,1500.23,49.182
21:19:08,1501.23,48.492
21:19:09,1502.23,49.224
21:19:10,1503.23,49.395
21:19:11,1504.23,49.718
21:19:12,1505.24,48.04
21:19:13,1506.24,49.423
21:19:14,1507.24,49.501
21:19:15,1508.24,49.268
21:19:16,1509.24,48.878
21:19:17,1510.24,49.051
21:19:18,1511.24,49.351
21:19:19,1512.24,49.205
21:19:20,1513.24,48.429
21:19:21,1514.24,49.544
21:19:22,1515.25,49.707
21:19:23,1516.25,49.253
21:19:24,1517.25,48.268
21:19:25,1518.25,49.438
21:19:26,1519.25,48.762
21:19:27,1520.25,48.824
21:19:28,1521.25,49.632
21:19:29,1522.25,49.414
21:19:30,1523.25,49.283
21:19:31,1524.25,49.418
21:19:32,1525.26,49.608
21:19:33,1526.26,48.742
21:19:34,1527.26,48.797
21:19:35,1528.26,49.705
21:19:36,1529.26,49.134
21:19:37,1530.26,65.306
21:19:38,1531.26,77.526
21:19:39,1532.26,77.913
21:19:40,1533.26,78.287
21:19:41,1534.27,76.692
21:19:42,1535.27,66.267
21:19:43,1536.27,66.579
21:19:44,1537.27,53.009
21:19:45,1538.27,27.601
21:19:46,1539.27,49.772
21:19:47,1540.27,49.618
21:19:48,1541.27,48.655
21:19:49,1542.27,49.95
21:19:50,1543.27,49.81
21:19:51,1544.28,49.003
21:19:52,1545.28,49.902
21:19:53,1546.28,49.727
21:19:54,1547.28,49.3
21:19:55,1548.28,49.629
21:19:56,1549.28,48.551
21:19:57,1550.28,49.721
21:19:58,1551.28,48.791
21:19:59,1552.28,50.059
21:20:00,1553.29,49.637
21:20:01,1554.29,49.245
21:20:02,1555.29,49.892
21:20:03,1556.29,48.756
21:20:04,1557.29,50.029
21:20:05,1558.29,48.686
21:20:06,1559.29,50.157
21:20:07,1560.29,48.688
21:20:08,1561.29,50.056
21:20:09,1562.3,49.268
21:20:10,1563.3,49.609
21:20:11,1564.3,48.69
21:20:12,1565.3,49.911
21:20:13,1566.3,48.633
21:20:14,1567.3,50.047
21:20:15,1568.3,49.277
21:20:16,1569.3,49.213
21:20:17,1570.3,49.503
21:20:18,1571.31,50.021
21:20:19,1572.31,48.485
21:20:20,1573.31,50.063
21:20:21,1574.31,49.667
21:20:22,1575.31,49.68
21:20:23,1576.31,48.909
21:20:24,1577.31,49.872
21:20:25,1578.31,49.008
21:20:26,1579.31,48.908
21:20:28,1580.31,50.092
21:20:29,1581.32,49.695
21:20:30,1582.32,49.552
21:20:31,1583.32,48.365
21:20:32,1584.32,50.093
21:20:33,1585.32,48.72
21:20:34,1586.32,50.32
21:20:35,1587.32,49.086
21:20:36,1588.32,50.228
21:20:37,1589.32,48.753
21:20:38,1590.32,50.158
21:20:39,1591.33,48.943
21:20:40,1592.33,49.422
21:20:41,1593.33,50.031
21:20:42,1594.33,49.169
21:20:43,1595.33,50.376
21:20:44,1596.33,48.965
21:20:45,1597.33,50.01
21:20:46,1598.33,49.252
21:20:47,1599.33,49.353
21:20:48,1600.34,49.658
21:20:49,1601.34,49.117
21:20:50,1602.34,49.988
21:20:51,1603.34,49.335
21:20:52,1604.34,49.557
21:20:53,1605.34,50.146
21:20:54,1606.34,49.397
21:20:55,1607.34,49.75
21:20:56,1608.34,48.817
21:20:57,1609.34,49.781
21:20:58,1610.35,49.269
21:20:59,1611.35,49.987
21:21:00,1612.35,49.167
21:21:01,1613.35,49.457
21:21:02,1614.35,49.677
21:21:03,1615.35,48.633
21:21:04,1616.35,50.24
21:21:05,1617.35,48.73
21:21:06,1618.35,49.978
21:21:07,1619.36,49.348
21:21:08,1620.36,49.196
21:21:09,1621.36,49.95
21:21:10,1622.36,49.203
21:21:11,1623.36,50.267
21:21:12,1624.36,48.969
21:21:13,1625.36,50.481
21:21:14,1626.36,48.929
21:21:15,1627.36,49.99
21:21:16,1628.37,48.683
21:21:17,1629.37,48.83
21:21:18,1630.37,50.331
21:21:19,1631.37,48.9
21:21:20,1632.37,49.611
21:21:21,1633.37,49.851
21:21:22,1634.37,48.873
21:21:23,1635.37,50.007
21:21:24,1636.37,65.096
21:21:25,1637.38,79.379
21:21:26,1638.38,79.501
21:21:27,1639.38,79.21
21:21:28,1640.38,75.627
21:21:29,1641.38,67.805
21:21:30,1642.38,69.439
21:21:31,1643.38,51.467
21:21:32,1644.38,48.897
21:21:33,1645.39,50.409
21:21:34,1646.39,49.392
21:21:35,1647.39,49.074
21:21:36,1648.39,49.71
21:21:37,1649.39,49.297
21:21:38,1650.39,50.211
21:21:39,1651.39,49.231
21:21:40,1652.39,49.552
21:21:41,1653.39,49.851
21:21:42,1654.39,49.838
21:21:43,1655.4,49.16
21:21:44,1656.4,48.708
21:21:45,1657.4,49.886
21:21:46,1658.4,48.966
21:21:47,1659.4,49.889
21:21:48,1660.4,48.986
21:21:49,1661.4,49.692
21:21:50,1662.4,49.265
21:21:51,1663.4,48.694
21:21:52,1664.4,50.199
21:21:53,1665.41,48.985
21:21:54,1666.41,49.833
21:21:55,1667.41,48.596
21:21:56,1668.41,50.126
21:21:57,1669.41,49.006
21:21:58,1670.41,49.829
21:21:59,1671.41,49.074
21:22:00,1672.41,50.098
21:22:01,1673.41,48.887
21:22:02,1674.41,50.114
21:22:03,1675.42,48.874
21:22:04,1676.42,49.794
21:22:05,1677.42,49.547
21:22:06,1678.42,49.521
21:22:07,1679.42,49.433
21:22:08,1680.42,48.968
21:22:09,1681.42,49.635
21:22:10,1682.42,48.913
21:22:11,1683.42,50.224
21:22:12,1684.42,48.77
21:22:13,1685.43,48.941
21:22:14,1686.43,49.842
21:22:15,1687.43,48.744
21:22:16,1688.43,50.339
21:22:17,1689.43,48.829
21:22:18,1690.43,50.214
21:22:19,1691.43,48.946
21:22:20,1692.43,49.293
21:22:21,1693.43,49.949
21:22:22,1694.43,49.636
21:22:23,1695.44,49.529
21:22:24,1696.44,48.851
21:22:25,1697.44,50.075
21:22:26,1698.44,49.119
21:22:27,1699.44,49.462
21:22:28,1700.44,49.53
21:22:29,1701.44,48.833
21:22:30,1702.44,49.534
21:22:31,1703.44,49.461
21:22:32,1704.44,49.148
21:22:33,1705.45,50.264
21:22:34,1706.45,48.933
21:22:35,1707.45,50.19
21:22:36,1708.45,49.014
21:22:37,1709.45,49.962
21:22:38,1710.45,49.24
21:22:39,1711.45,49.755
21:22:40,1712.45,49.67
21:22:41,1713.45,49.468
21:22:42,1714.45,50.104
21:22:43,1715.46,48.75
21:22:44,1716.46,50.033
21:22:45,1717.46,49.222
21:22:46,1718.46,49.805
21:22:47,1719.46,48.48
21:22:48,1720.46,49.141
21:22:49,1721.46,49.155
21:22:50,1722.46,48.472
21:22:51,1723.46,50.169
21:22:52,1724.46,48.79
21:22:53,1725.47,49.424
21:22:54,1726.47,49.842
21:22:55,1727.47,49.368
21:22:56,1728.47,50.024
21:22:57,1729.47,48.893
21:22:58,1730.47,48.99
21:22:59,1731.47,49.787
21:23:00,1732.47,49.014
21:23:01,1733.47,49.861
21:23:02,1734.47,49.076
21:23:03,1735.48,48.581
21:23:04,1736.48,49.332
21:23:05,1737.48,49.571
21:23:06,1738.48,49.488
21:23:07,1739.48,49.617
21:23:08,1740.48,48.742
21:23:09,1741.48,75.371
21:23:10,1742.48,79.396
21:23:11,1743.48,79.236
21:23:12,1744.48,79.518
21:23:13,1745.49,72.643
21:23:14,1746.49,68.985
21:23:15,1747.49,61.494
21:23:16,1748.49,49.56
21:23:17,1749.49,48.732
21:23:18,1750.49,49.657
21:23:19,1751.49,49.183
21:23:20,1752.49,50.008
21:23:21,1753.49,49.52
21:23:22,1754.49,49.01
21:23:23,1755.5,50.247
21:23:24,1756.5,48.927
21:23:25,1757.5,48.579
21:23:26,1758.5,50.21
21:23:27,1759.5,48.632
21:23:28,1760.5,49.129
21:23:29,1761.5,48.935
21:23:30,1762.5,48.955
21:23:31,1763.5,50.082
21:23:32,1764.5,48.9
21:23:33,1765.51,48.761
21:23:34,1766.51,50.14
21:23:35,1767.51,48.732
21:23:36,1768.51,49.822
21:23:37,1769.51,49.071
21:23:38,1770.51,49.284
21:23:39,1771.51,49.291
21:23:40,1772.51,48.715
21:23:41,1773.51,48.944
21:23:42,1774.52,49.218
21:23:43,1775.52,49.061
21:23:44,1776.52,48.936
21:23:45,1777.52,49.94
21:23:46,1778.52,48.88
21:23:47,1779.52,49.894
21:23:48,1780.52,48.89
21:23:49,1781.52,48.532
21:23:50,1782.52,50.127
21:23:51,1783.52,49.027
21:23:52,1784.52,48.778
21:23:53,1785.53,49.191
21:23:54,1786.53,49.297
21:23:55,1787.53,48.78
21:23:56,1788.53,49.708
21:23:57,1789.53,49.614
21:23:58,1790.53,48.775
21:23:59,1791.53,49.09
21:24:00,1792.53,49.285
21:24:01,1793.54,48.688
21:24:02,1794.54,49.286
21:24:03,1795.54,49.635
21:24:04,1796.54,48.627
21:24:05,1797.54,49.119
21:24:06,1798.54,49.375
21:24:07,1799.54,48.69
21:24:08,1800.54,49.106
21:24:09,1801.55,34.803
21:24:10,1802.55,39.803
21:24:11,1803.55,48.528
21:24:12,1804.55,47.66
21:24:13,1805.55,47.546
21:24:14,1806.55,47.838
21:24:15,1807.55,47.364
21:24:16,1808.55,47.044
21:24:17,1809.56,48.011
21:24:18,1810.56,47.049
21:24:19,1811.56,47.159
21:24:20,1812.56,47.407
21:24:21,1813.56,47.884
21:24:22,1814.56,48.025
21:24:23,1815.56,46.893
21:24:24,1816.56,47.777
21:24:25,1817.56,48.687
21:24:26,1818.56,48.712
21:24:27,1819.57,48.831
21:24:28,1820.57,47.983
21:24:29,1821.57,48.35
21:24:30,1822.57,49.343
21:24:31,1823.57,49.011
21:24:32,1824.57,48.5
21:24:33,1825.57,48.427
21:24:34,1826.57,48.609
21:24:35,1827.57,48.851
21:24:36,1828.57,48.915
21:24:37,1829.58,48.694
21:24:38,1830.58,48.927
21:24:39,1831.58,48.493
21:24:40,1832.58,48.912
21:24:41,1833.58,48.847
21:24:42,1834.58,48.795
21:24:43,1835.58,48.897
21:24:44,1836.58,48.992
21:24:45,1837.58,48.857
21:24:46,1838.58,48.873
21:24:47,1839.59,49.042
21:24:48,1840.59,49.163
21:24:49,1841.59,48.997
21:24:50,1842.59,48.853
21:24:51,1843.59,57.55
21:24:52,1844.59,77.705
21:24:53,1845.59,77.514
21:24:54,1846.59,77.801
21:24:55,1847.59,77.473
21:24:56,1848.6,69.181
21:24:57,1849.6,69.098
21:24:58,1850.6,60.526
21:24:59,1851.6,25.481
21:25:00,1852.6,47.222
21:25:01,1853.6,48.545
21:25:02,1854.6,47.789
21:25:03,1855.6,49.25
21:25:04,1856.6,49.033
21:25:05,1857.61,48.607
21:25:06,1858.61,48.826
21:25:07,1859.61,48.972
21:25:08,1860.61,49.016
21:25:09,1861.61,48.33
21:25:10,1862.61,48.945
21:25:11,1863.61,49.263
21:25:12,1864.61,49.09
21:25:13,1865.61,48.636
21:25:14,1866.62,49.276
21:25:15,1867.62,49.108
21:25:16,1868.62,48.467
21:25:17,1869.62,48.843
21:25:18,1870.62,49.329
21:25:19,1871.62,49.628
21:25:20,1872.62,48.686
21:25:21,1873.62,48.829
21:25:22,1874.62,49.584
21:25:23,1875.63,48.72
21:25:24,1876.63,49.447
21:25:25,1877.63,48.934
21:25:26,1878.63,49.466
21:25:27,1879.63,48.674
21:25:28,1880.63,49.069
21:25:29,1881.63,49.36
21:25:30,1882.63,48.888
21:25:31,1883.63,49.961
21:25:32,1884.63,48.493
21:25:33,1885.63,49.901
21:25:34,1886.64,49.275
21:25:35,1887.64,48.843
21:25:36,1888.64,49.618
21:25:37,1889.64,48.713
21:25:38,1890.64,49.729
21:25:39,1891.64,48.883
21:25:40,1892.64,49.87
21:25:41,1893.64,48.779
21:25:42,1894.64,49.898
21:25:43,1895.64,48.479
21:25:44,1896.65,49.817
21:25:45,1897.65,49.129
21:25:46,1898.65,49.461
21:25:47,1899.65,46.511
21:25:48,1900.65,48.389
21:25:49,1901.65,49.76
21:25:50,1902.65,46.889
21:25:51,1903.65,50.347
21:25:52,1904.65,48.583
